mjd,std_flux,std_flux_error
58197.26812,1.0044591037817208,0.0271144494318392
58207.25207,1.0946792976429855,0.0364307950530452
58207.27386,1.1350790417328702,0.0369013161300936
58210.25178,1.111357295754697,0.0366251516286114
58218.22521,1.0572737734062507,0.0275377194092725
58223.16705,1.0647534582022904,0.0275976717505506
58223.19132,1.052664214543697,0.0275007601600286
58226.25597,1.0527311148999008,0.0275012930156697
58229.19035,0.9562755662672592,0.0267283610221796
58235.20992,1.1735254294129036,0.0373484901244407
58244.16406,1.0570167253836782,0.0275356282548691
58244.20095,1.1440402517233248,0.0370056135512536
58247.17783,1.2321106311864245,0.0380288529613493
58247.22069,1.073844653728488,0.0276705476293261
58250.21785,1.1290528186319424,0.0281133637106629
58255.16468,1.120546437718779,0.0280451118595924
58255.19703,1.3452038601205922,0.0393396935611666
58258.19377,1.1141515255947485,0.0279938121944445
58337.50113,1.197667485171709,0.0286643555001357
58340.50155,1.2748201074105057,0.0385242087362097
58343.50141,1.0837049555030411,0.0277496053512504
58345.48842,1.12168124744733,0.028054210357091
58346.48567,1.2461172410249113,0.0381913498752383
58347.49771,1.2243424426738785,0.0379386905014956
58348.48733,1.2665516495519535,0.0384283512226489
58350.49135,1.1116730038948028,0.0279739409824995
58353.49186,1.1173619017002836,0.0280195576941365
58353.50462,1.0875064947084605,0.0277800956371718
58354.4771,1.120539213312202,0.028045053861173
58355.46114,1.1019661630643394,0.0278960632998639
58356.45834,1.1058541683564698,0.0279272461432289
58356.45931,1.093077762887674,0.0278247725734315
58357.49025,1.0890260271476395,0.0277922752674583
58358.46868,1.1108255472552002,0.0279671295469841
58359.47161,1.1175173108867351,0.0280208178235136
58360.45246,1.2514793987911683,0.0382535690008831
58360.48784,1.0930928644193652,0.0278248861668537
58361.44396,1.2386405820788011,0.0381046312189892
58361.49365,1.1164556073771823,0.0280122852033615
58362.44617,1.087056855594419,0.0277764752683394
58362.44718,1.065550063478692,0.027604040704059
58362.49099,1.1991439063996086,0.0376461309793221
58362.4919,1.2707885844062596,0.0384774695337581
58363.48371,1.1168124822870926,0.0280151509117417
58363.5065,1.2387250063858584,0.0381055877609563
58364.43813,1.269771879374462,0.038465706111304
58364.48859,1.0533731866104603,0.0275064453752662
58365.44595,1.2360752336629222,0.0380748546638657
58365.44699,1.2159533256545505,0.0378413066700936
58365.48094,1.094892445600042,0.0278393214815154
58365.48203,1.0496561611504578,0.0274766398973672
58366.43982,1.2502247866590404,0.03823899814101
58366.48894,1.094252277733485,0.0278341950121349
58367.46821,1.211462861185888,0.0377891783963528
58367.48788,1.1110977273600455,0.0279692972580895
58368.44843,1.117405125926729,0.0280199088399617
58368.44942,1.1475643796185715,0.0282619499827726
58368.49135,1.2108482121731166,0.0377820412291333
58369.4251,1.120121309084145,0.0280417057804348
58369.46751,1.2050906166747064,0.0377151816039931
58370.4708,1.2309219179889572,0.0380150295801858
58370.508,1.1369450083711503,0.0281767025184931
58371.43146,1.102546866470104,0.0279007175206401
58371.43278,1.1193189574423883,0.0280352554100433
58371.50845,1.1940906696299127,0.0375874340478027
58371.50958,1.2194289602271815,0.0378816446590874
58372.4706,1.2074893385668997,0.0377430385895485
58372.51188,1.0820373679098232,0.0277362414243726
58373.43105,1.1979770683320057,0.0376325640699427
58373.46807,1.1316023984723818,0.0281338284556729
58374.45027,1.242512895755179,0.0381495249494727
58374.45118,1.2201187605000523,0.037889651032363
58374.50943,1.1482008374520696,0.0282670386231641
58374.5104,1.145107500406462,0.0282422292304466
58375.45227,1.218949475627643,0.0378761014776289
58375.50923,1.1586670568029742,0.028351075040461
58376.49073,1.2264247460710265,0.0379628730398565
58377.44871,1.1662451731138177,0.0284119366318855
58377.44962,1.1645235061632164,0.0283981001574312
58377.49429,1.2850916592963189,0.0386432770787989
58378.42282,1.108863936786504,0.0279513972473743
58378.46746,1.2138150133845718,0.0378165079633923
58379.48734,1.2372769004604165,0.0380887955374946
58379.51522,1.1213538004569767,0.0280515884787774
58380.44774,1.1450916802709823,0.0282421111567763
58380.44865,1.169466698097389,0.0284378169035737
58380.49032,1.190617070235541,0.03754707298225
58382.39867,1.2754413855336668,0.038531428750058
58383.40955,1.1420414303427084,0.0282175994767551
58383.41047,1.1039267554223038,0.0279117896220517
58385.44781,1.2235465727487418,0.0379294452614077
58386.37328,1.111946415787794,0.0304417057384594
58386.38883,1.0954351171069228,0.0330671443779049
58386.43331,1.1077114867637765,0.0279421551245461
58386.43471,1.063140491463697,0.0275847478960039
58386.49356,1.1315457163460498,0.0368602039802893
58386.49446,1.266288039586123,0.0384253063041567
58387.46587,1.1058195389014898,0.0279269786352879
58387.51501,1.2483768453857256,0.0382175578904689
58388.42302,1.1706668077974505,0.0373152260448195
58388.495,1.109250055936394,0.027954496625438
58389.40614,1.245463214374269,0.0381837570060541
58389.40722,1.1487610578104597,0.0370605236092001
58389.49026,1.0707030980316632,0.0276453747016208
58389.49223,1.136289671990064,0.028171441958363
58390.43303,1.1965148826194936,0.037605549270156
58390.47839,1.1770803368653109,0.0373897741765881
58390.51303,1.1287419325145915,0.0281108706104768
58397.39,1.2023588513907586,0.0376834572276527
58397.39098,1.2571888044464268,0.0383197753249332
58397.44996,1.096668727353786,0.0278535780540352
58397.45095,1.1440712162175086,0.0282338973066679
58422.38922,1.165665275524148,0.0284072592108975
58422.39018,1.1710241707097062,0.028450307156408
58422.45356,1.2419625628700737,0.0381431572958821
58422.45464,1.209198792637862,0.0377628977665567
58423.31847,1.1291703330036584,0.0281143221250057
58423.44448,1.276092349207986,0.0385389393326254
58424.34445,1.2025541995319435,0.0287036183566242
58424.36696,1.2318893619705389,0.0380262726524629
58425.44309,1.0993102042511198,0.0278747634049123
58425.44638,1.1314596200079825,0.0281326849448759
58426.4103,1.0934624135676143,0.0278278667026644
58427.45212,1.10204533187891,0.0278966849843514
58428.28106,1.09013795169636,0.027801202386848
58428.28215,1.1192880299439192,0.0280350240635616
58428.30338,1.233224388597882,0.0380417512358763
58429.368,1.1298132386208108,0.0305395203038735
58429.38329,1.0945314860239588,0.0278364431516993
58430.33975,1.220721250411296,0.0378131495115263
58430.37086,1.1994995927982448,0.0341012273291164
58430.44961,1.1148526212086705,0.0279994334450735
58431.36725,1.1760198690763282,0.0284904368307382
58431.36824,1.1220707962660368,0.0280573432625948
58431.45341,1.2052005047026664,0.0377164561605772
58431.45432,1.15468654406819,0.0371294460294894
58432.3618,1.118379143268876,0.0304769043849884
58432.36691,1.1184996673977787,0.0332001065139569
58432.41044,1.0635567280701574,0.027588074614211
58434.34828,1.0974609076050847,0.027859925992344
58434.35034,1.1096996761408584,0.027958083386847
58434.42113,1.1819810256566592,0.0374467233115282
58434.42209,1.168401497362793,0.0372889193408522
58435.36111,1.0788380597384657,0.0277105692214158
58435.37389,1.1166869974156095,0.0304676349556164
58435.37533,1.0466509194339626,0.0327843034889561
58436.33511,1.0764499930468543,0.0302471161871579
58437.34205,1.052986150900253,0.0275033284264911
58437.34314,1.064844664806829,0.0275983812234823
58437.44846,1.1513424167951338,0.0370905290038569
58437.44937,1.2187047529142851,0.0378732295995576
58439.321,1.1238352741157065,0.030506792877849
58439.33571,1.1437340727732883,0.0333450706794428
58439.46462,1.2061732839629624,0.037688468752475
58439.46515,1.224926710469176,0.0343246842585948
58441.36539,1.1515750828683955,0.0333900200160105
58441.36592,1.103822034715643,0.0303971715575271
58441.40679,1.0908128849393584,0.0278066078967172
58441.45184,1.197143205168158,0.0376228734321744
58442.44548,1.1205309569045785,0.0280449937690364
58443.18091,1.1588623657009625,0.0306985180287628
58443.2344,1.2150879244646802,0.0378312469023054
58443.23556,1.207159078522028,0.0377392264058607
58443.25492,1.2599406989831403,0.0381485798637624
58443.28726,1.1764918008845824,0.0338984378445879
58443.37319,1.1252459520570517,0.0332389078230488
58443.41514,1.1260089935625608,0.028088940839232
58443.41611,1.1215490175961291,0.0280531643788345
58447.31613,1.120310120578531,0.0280432101386157
58447.37248,1.1505859309527124,0.0306532300613443
58447.42924,1.0936386730897958,0.0278292771652464
58447.43159,1.1176665652176347,0.0280220062882165
58448.40782,1.0742967435638309,0.0302353155247415
58448.4376,1.10608437994374,0.0331285929727437
58448.45008,1.169338528003954,0.0284367712750223
58449.42784,1.1481342148656557,0.0333702853598055
58449.44277,1.1537897043601513,0.0283119181244661
58450.38691,1.115541828504866,0.0280049600111277
58450.38788,1.0951002025497478,0.027841006257135
58450.45032,1.201488739426371,0.0376733736022251
58450.4513,1.1788705130320218,0.0374105779236515
58455.36779,1.1626630197344878,0.0283831542698326
58456.24223,1.1193148337265513,0.0280352366605546
58456.28493,1.1424149013511238,0.0282206139526849
58456.28585,1.1185006975745138,0.0280286897199258
58457.26574,1.0990237034926278,0.0278724556519248
58457.28609,1.1912532674798466,0.0375544788533551
58464.30859,1.067362300349422,0.0276185851423668
58464.32861,1.225674934961145,0.0379541740431498
58465.22725,1.2932988901176312,0.0387384097162071
58465.47508,1.121029546571467,0.0280489988449497
58465.47599,1.1299120996084333,0.0281202567467643
58468.43092,1.1335933900052015,0.0368840529493347
58468.49341,1.0723393904108738,0.0276584865073924
58468.49472,1.1107764391500865,0.0279667290001551
58471.26897,0.9790450123561818,0.02691080460506
58472.24276,1.1585535301790209,0.0371744115114167
58474.32707,1.0716758875201788,0.0276531524565106
58474.32797,1.0540612777764378,0.0275119576097216
58475.53238,1.121906088394652,0.0367479766933736
58480.43584,1.1057706521052826,0.0279265791520553
58480.49564,1.122079698526558,0.0367499944531263
58481.46082,1.1415660890124149,0.0333326340301088
58486.4726,1.0412702473458082,0.0274094381267157
58487.43142,1.018933542913376,0.0272304282753742
58487.45787,1.160623353211065,0.0371984751556436
58487.45878,1.1910612756118837,0.0375522504441274
58490.20172,1.068640081614814,0.0276288196489844
58490.27097,1.1203953685159525,0.0367303816027862
58491.20319,1.1483410895261117,0.0370556371324103
58491.26032,1.0770172501896278,0.0276959801845286
58491.26082,1.0619416618813915,0.0275751222064034
58493.28302,1.0388093723991196,0.0273897121659957
58503.28718,1.343753038498652,0.0298405567691538
58504.27997,1.0069294877722503,0.0325520971404916
58505.12516,1.0387596210934291,0.027389300686558
58505.24371,1.0431993429976123,0.0358300439267121
58505.24844,1.240492391439838,0.0379823544945685
58506.47237,1.152698438571084,0.0371063061084746
58506.47338,1.0516405045702428,0.0359286290850362
58507.20449,1.1369037654301988,0.0369225778036523
58507.24381,1.072359143814367,0.0276586394480178
58508.22603,1.0311557296481104,0.0273283474060924
58509.22049,1.0852927575878206,0.0363213492121873
58509.2236,1.0512202176086036,0.0359237451474138
58509.26531,1.0867895636921718,0.0277743329693737
58509.26623,1.0521446695869954,0.0274965821405676
58510.20388,1.1206317036383209,0.0367331308204445
58510.28216,1.0656717650049397,0.0276050135366142
58511.18143,1.1210353430315445,0.0367378341818239
58513.40984,1.023709324957928,0.0272686958784902
58514.4136,1.0584156657789503,0.027546855975478
58522.2217,1.0850082971626436,0.0277600703948676
58523.21793,1.0612181260099078,0.0275693271840346
58523.21987,1.024887648627444,0.0272781351289503
58526.19563,1.0374067257252644,0.027378459663797
58526.19653,1.0429710632375349,0.0274230552335257
58526.43551,1.034424754278651,0.0357274889906725
58526.43648,1.110925421377333,0.0366201176330981
58534.24092,1.0356106425914418,0.0357413656347237
58534.24184,1.100179896534298,0.0364949057062795
58534.31465,1.1568123191451596,0.0337244839316573
58534.33147,0.952048469685198,0.0322276031092412
58534.34331,1.0346080644771134,0.0273560423021726
58534.34485,1.071960195617128,0.0276554434804824
58539.20824,1.032615546562047,0.0273400582389006
58539.23335,1.0924734842293191,0.0364050799780671
58540.21416,1.029931306094912,0.0273185789688243
58540.27499,1.0481374998750086,0.0327929808053934
58540.28022,1.0617871357874948,0.0301666657806637
58547.18595,1.056844421365214,0.0275342584198956
58547.28532,1.102506871329639,0.0365220310087878
58547.28628,1.104042278923722,0.0365399126076188
58556.173,1.0208197393049554,0.0272455300021538
58556.17391,0.989196700959027,0.0269921504122281
58557.21793,1.051863679409589,0.0274943434068404
58558.13956,1.1266310205105032,0.0368030074202693
58558.19018,1.0634705292321174,0.0275873637338282
58558.20377,1.0422402937510122,0.0300592735445469
58558.20429,1.065178174805104,0.0328920309864034
58559.1945,1.12966132175377,0.0281182398619859
58559.19541,0.978857469694696,0.0269093136034129
58560.19651,1.1710000264207747,0.0373191055549562
58560.32554,1.0508053113627531,0.0274858420314333
58561.25431,1.0337885194284182,0.0361946075450475
58562.16051,1.063002434838674,0.0275836330480602
58562.19545,1.288175114057385,0.03867903631867
58562.19832,1.1429396649426948,0.0369927978452078
58567.17911,1.071804817776201,0.0361640474185811
58568.20115,1.0483572546646605,0.0358902798706348
58573.23984,1.0593782672187633,0.0275545705168715
58575.27667,1.0551565637444538,0.0359696913091235
58581.21374,1.049571682427044,0.0359044759416815
58581.23671,1.018919465923497,0.0272303223520423
58581.23774,1.017241944292204,0.0272168889581827
58582.15856,1.077124005246975,0.0362261063329423
58582.20908,1.0265475227265544,0.0272914305644831
58584.21421,1.0670650729736042,0.0361087457836823
58584.21524,1.093197185413436,0.0364135222872813
58585.15827,1.0292599149565975,0.0273131768052872
58585.20938,1.0314013722113082,0.0356921485645299
58586.19902,0.98743805216449,0.0269780661797151
58587.19383,1.0900662785980213,0.0363770406373733
58587.19473,0.9770331626371364,0.0350554630158622
58592.17521,1.0466389793415374,0.0358702325598925
58592.1763,1.042026838623039,0.0358163403157886
58592.23311,1.046757929028448,0.0274534277574767
58592.23411,0.9627853189121574,0.0267805267115003
58594.24819,0.9530228309432336,0.0347736138535736
58596.1785,1.068670213944642,0.0361274552739127
58596.1794,1.0776231309947355,0.0362319216561328
58598.21791,1.1320252262921466,0.0368658064349139
58599.14159,1.1514456920766838,0.0282931135378868
58599.15441,1.1049907926932774,0.0279203329184147
58608.19947,1.04386059809122,0.0358377736150785
58608.20047,1.1135550835232064,0.0366507300409831
58608.23713,1.0586447772334568,0.0275486964424818
58608.23818,1.0427972069848006,0.0274216650109905
58609.19455,1.040972615601506,0.0358040261123955
58713.4931,1.0298341870894814,0.0356738241375842
58716.49012,1.0129524502232174,0.0271824996488082
58719.46852,1.022997704705072,0.0272630086267062
58719.49156,1.1034760328745834,0.0365333293038287
58722.4653,1.0177138969350992,0.0355320628873699
58722.49056,1.0051957860502336,0.0271203445071676
58725.46697,1.0064265957187946,0.0353999607705434
58725.49102,1.0070676822878906,0.0271353551858101
58732.49532,0.9825843875814928,0.026939176305803
58735.45346,1.032119788861648,0.0357005497825776
58735.51233,0.9985160712453688,0.0270668125715193
58738.44571,0.9610538102300212,0.0348679213740162
58740.50118,0.977750978583952,0.0297037362151714
58740.50164,0.9758751503628746,0.0296933554175034
58740.50954,1.0257309484529176,0.0326622485905342
58740.50999,0.9693045677004288,0.0323301565419934
58741.45543,0.964373036768096,0.0267932391647868
58744.4483,1.0222291455357595,0.0272568382954713
58744.49426,1.0701318865908864,0.0361445094164263
58745.47874,1.0674163709544104,0.0301975618481422
58745.47919,0.9900799352680592,0.0297718790322686
58746.51609,1.056479087621699,0.0363934332153251
58746.51654,1.074491303584517,0.0365506950809485
58747.46573,1.0084803936148827,0.0271466679883451
58747.49656,1.0049380838519957,0.0353825021352814
58748.44772,1.0202369756818217,0.0299381878903067
58748.44817,1.040560795590684,0.0300500477089088
58748.45743,1.057158873004596,0.0328454676963549
58748.45789,1.1078124951270876,0.0331385511534101
58749.49442,1.1042182098091735,0.0332571287941892
58749.49487,1.058376296706868,0.0328464908759863
58749.49539,1.0440384780064602,0.036284515129973
58749.49585,1.028206878468088,0.0361455717811461
58750.44858,1.0719173609183914,0.0361653548653258
58750.50835,1.0307977437725988,0.0273254951911466
58756.43192,1.076515047777597,0.0362189971850847
58756.49154,1.0413220370820482,0.0274098557262544
58757.38219,1.013694067536654,0.0354850089272844
58757.46856,1.0518937127081316,0.0274945849244757
58758.47738,1.0954791215512258,0.0367333471849247
58758.47783,1.0805272026472523,0.0366032561389182
58758.49156,1.0611014423548497,0.0328709997050484
58758.49201,1.0576064843362611,0.0328395471523935
58759.44775,1.0925117206984614,0.0364055229978033
58759.48628,1.0346280757647317,0.0273562140721798
58763.44595,1.037676794806691,0.0357654983088681
58763.5151,1.0276950371757638,0.0273006407816576
58765.5008,1.0031052533855682,0.0359243593104742
58765.50127,1.0335562198550723,0.0361925743958452
58766.40651,1.02608491972508,0.0356299835252724
58766.53719,1.0097425539782916,0.0271567858362891
58767.41551,1.1612510103768947,0.0373023109962221
58767.41596,1.036260406379326,0.0362163349786179
58767.44559,1.1099343827631922,0.0333080978004624
58767.44604,1.0357518194457105,0.0326425299418138
58768.41461,1.118834126986018,0.036935944977434
58768.41507,1.088640544639658,0.0366739068260935
58768.41693,1.1356625507727154,0.0335369988483585
58768.41739,1.0654221092710223,0.0329098307665833
58769.41196,1.0515198108303212,0.0301102521341731
58769.41241,1.066653737118444,0.0301933785440344
58769.42784,1.0881537405423698,0.0277852851753272
58769.51604,1.0089027478261623,0.0354289489521019
58770.34066,1.0385883800084723,0.0300391986120592
58770.34111,1.0359611266901834,0.0300247561834885
58770.37569,1.0167145981915855,0.0326094887592921
58770.37614,1.0236395548717934,0.0326500176253555
58771.36277,0.9376886501073924,0.0294815069696226
58771.36323,0.9466892798962556,0.0295315318408887
58771.43059,1.006195241871546,0.0325477783647964
58771.43104,0.9593110771463368,0.0322708058921977
58772.32382,1.1869021181111006,0.0375039084759492
58772.51939,1.0253219605726438,0.0299661858610163
58772.51985,1.0464745220948968,0.0300825388266114
58772.53687,1.0270487522145888,0.0272954602551805
58773.35535,0.962706400680363,0.0296204303477075
58773.3558,0.9774052316273688,0.0297018206743948
58773.36354,1.0193709649510307,0.0326250614017687
58773.36399,0.9923677892469186,0.0324664328508068
58775.36666,0.9666682606077456,0.026811653886022
58775.40554,1.0167039360283163,0.0355202400751714
58776.4588,0.9933727887575418,0.0324723440635832
58776.45925,0.981029934345297,0.0323995362673922
58776.45977,0.944600691761992,0.0295199405633152
58776.46023,0.9709021421379308,0.0296658257653662
58778.4938,0.9255252237888584,0.0264819168150352
58778.51083,0.984947097819535,0.0351482885327901
58781.47502,0.9950619161480044,0.0352668198596276
58781.48965,1.013466643676418,0.027186603310312
58783.48479,1.0078350530701656,0.0298698703310556
58783.48524,0.8781442446035499,0.0291484466634514
58783.48668,1.0751282148121246,0.0329497014941097
58783.48713,1.0258773925389295,0.0326631304332803
58784.46713,1.0069476782394569,0.035406045309811
58784.53678,1.0563043281430762,0.0275299385215339
58787.44526,1.0198542378326323,0.0355570932801038
58787.51458,0.9627197010526792,0.0267800191388826
58790.32409,0.9636117896113386,0.0348979805085961
58790.49237,0.9851606560793814,0.0269597976489705
58790.49328,0.926900378042964,0.0264929447391449
58791.32249,0.950968441580168,0.0347494327176961
58792.53043,0.9887163247399362,0.0351924922800528
58793.51622,0.9382951236492718,0.0265842750910347
58796.26745,1.0423176810867072,0.035819738946247
58796.43801,0.9785960519049038,0.0269072159432861
58798.27911,1.003311659662584,0.0298449252546964
58798.27956,1.0024830984578426,0.0298403404489307
58799.33537,1.0080643569977503,0.0298711392305605
58799.33582,1.0292883548519511,0.029988037195088
58799.33772,0.9367770862980016,0.0265721372266287
58799.33817,0.9507331986199392,0.0322197614287807
58799.33862,0.9254996509351622,0.0320687764396552
58799.45634,0.9980113015326618,0.027062777708158
58799.45724,1.005458753188747,0.0271224544126795
58800.33443,0.9567662767540814,0.0295874911751598
58800.33488,1.0362111455853449,0.0300261013922153
58800.54208,0.9423422415415892,0.0266167056183071
58801.33266,0.9498684423911654,0.0295492320155163
58801.33356,0.9617067389684474,0.0296148826283875
58801.33628,1.1043945614078163,0.0331188360557883
58802.23474,1.0930803945217245,0.0364121479801185
58805.48248,1.399001754964783,0.030286660293792
58805.49686,1.292272507089434,0.0387265099576708
58812.30669,1.253370472849617,0.0291122878300469
58827.27642,1.1386447794265748,0.0305878848887846
58827.31768,1.0904763704657887,0.0303240097140629
58827.31957,1.040520543908982,0.0327486111201881
58827.32002,1.0605917859707177,0.0328653706216902
58828.24271,1.1770536524139543,0.0335358289141709
58828.24315,1.1781491093985608,0.0285075308228985
58828.24504,1.0716946416336914,0.0302210180200405
58828.2455,1.196518614150791,0.030904518442814
58829.32824,1.070197320528127,0.0302128156686907
58829.32869,1.062601095437247,0.0301711326069872
58830.17749,0.868984649719842,0.0337826570900509
58830.1937,1.0973958281952778,0.0367500068830874
58830.19415,1.0503046902326472,0.0363394243116039
58830.22294,1.0086946209317045,0.0354264926888297
58830.30325,1.0547391324105404,0.0301279387468077
58830.3037,1.0824290999478885,0.0302799408386243
58830.30698,1.0491525953043808,0.0327988739430566
58830.30743,1.062115775179487,0.0328742455133235
58830.45409,1.078588683274958,0.0277085775963418
58830.45525,1.0559745691568554,0.0275273090611767
58833.31204,1.2938914983243142,0.0342003517755476
58833.31249,1.281306588461964,0.0341290468590539
58833.31295,1.3386044341842764,0.0297990140162787
58833.53406,1.2263569732075683,0.0379620560636566
58833.53509,1.296919155618308,0.0387803583414944
58834.23033,0.9777497303938024,0.0350638881301417
58834.23129,1.2517722074413271,0.038256967855928
58836.41946,1.1299012910336954,0.0368410706158132
58836.42043,1.1898518902268558,0.0375381972570824
58836.44917,1.223071536399317,0.0288685622882437
58836.45008,1.217172857778709,0.0288211529286285
58837.43028,0.9706428489313524,0.0268434813453885
58837.43119,1.0432515996197684,0.0274253234488537
58837.49451,1.001410417255863,0.0353411998600385
58837.49541,1.0391602000837623,0.0357828362013927
58846.24707,0.9506277875051008,0.0347454488869735
58846.27194,0.9858523120329492,0.0269653641573463
58849.49054,0.9387866495205118,0.0346062253286099
58850.47653,0.9534656669517954,0.0267058417284325
58851.44719,1.0420185714790915,0.0274154178754114
58853.47041,0.8890121672374998,0.0340195089830761
58854.18865,0.83466434016341,0.0257530250156589
58854.18955,1.1595606239808105,0.0334357560135699
58854.45397,0.954407534735652,0.02671339540455
58854.51385,0.8789182956258175,0.0339001980821969
58855.18176,0.93180214288855,0.0345240303049607
58855.32846,0.9447955939696606,0.0266363691118015
58856.1206,1.031466921242273,0.0356929139952446
58856.1954,0.99528041758123,0.0270409029666682
58856.19585,0.9536632766515066,0.0322372085731439
58856.19631,0.9790089436693796,0.0323875782695316
58859.14444,0.9994247607151258,0.0353179455804598
58859.2474,1.000384742222476,0.0325136331412293
58859.24786,0.9989833715407695,0.0325053969737478
58859.25112,1.0029550265645393,0.0271023775226424
58859.27745,0.9955985588552876,0.0270434523381303
58860.11921,1.033647610179299,0.0357184171317193
58860.24096,0.9956975976382716,0.0324860402866196
58860.24232,0.9938871126028426,0.0324753616497426
58860.24277,1.0503408568571817,0.0274821493675764
58860.25917,0.9992456338015108,0.0270726631980312
58861.11411,0.9214235436205992,0.0344018434462694
58861.13566,1.0671961732645328,0.0276172549433776
58864.1906,0.99418522557481,0.0322653616737642
58864.19105,0.9680239555645476,0.032026141459023
58864.24781,0.9922809626169854,0.0270168706488157
58867.21916,0.9450432943393894,0.0346797998446554
58867.26541,0.9959305610173032,0.0270461082204358
58871.2236,0.9158047776676252,0.0343356464360714
58871.28523,0.91876461229099,0.026427764865944
58873.13474,0.9228393505298322,0.0344185313361707
58873.21373,0.9180430756643366,0.026421968862871
58875.24361,0.8975905245489816,0.0262579958667012
58876.22925,0.908872378231786,0.0314791435135559
58876.2297,0.9317875532374448,0.0316921163458675
58877.22502,0.9251797209196704,0.0344460660890511
58878.1772,0.9840370702086104,0.0269508080257671
58878.24828,0.9313353873401932,0.0345185312651279
58879.18464,0.915686697048694,0.0315426241931266
58879.18509,0.950763509077789,0.0318674162347318
58879.18553,0.8973579296331657,0.034118068760585
58879.18604,0.8999643472222375,0.0350009164882853
58879.19128,0.9309580355068244,0.0345141117958206
58879.30172,0.9182494127853322,0.0264236195035574
58880.22175,0.9159130760775328,0.0264048808074663
58880.24507,0.9316734185572836,0.0345225449232841
58881.20702,0.9971334946753584,0.0322921985402408
58881.20748,0.8943347478918187,0.0313433077665924
58881.20793,0.9277225325274702,0.0344760231805282
58881.20842,0.8952008891328525,0.0349576006605722
58881.20888,0.949920597757862,0.0354514346506488
58881.21952,0.949673030719268,0.0347342222707444
58881.2807,0.8986410623523953,0.0262664048318082
58882.17811,0.9273649109063156,0.0264966763480127
58882.21762,0.8875365752133499,0.0261773629185727
58883.21932,0.9098166059301565,0.0263560187895713
58884.18689,0.866038221124407,0.026004898164146
58884.19637,0.9280382133122316,0.0265020942734733
58884.26505,0.9399468674974958,0.034619868593157
58885.18299,0.8438169778892524,0.0258265368013185
58885.20347,0.9661110719355108,0.0268071666646333
58885.2675,1.0327578503197243,0.0357080066711121
58886.14458,0.8935191386856872,0.0262253565310524
58886.21987,0.914123565416754,0.0343158423989761
58887.16131,0.8896030419532621,0.0261939375140333
58887.22544,0.9625154399694004,0.0348850877986517
58890.18742,0.8510679958041082,0.0258847575482515
58890.26087,0.9478903563671236,0.0347132885422954
58891.18136,0.925183129414003,0.034446113745643
58891.25735,0.8777714666086903,0.0260990501926309
58892.18332,0.8994422930867015,0.0341426502319595
58893.26131,0.8773729875871481,0.0260958430032641
58894.21996,0.8864957529045816,0.0261690208725201
58895.2618,0.8873771865049819,0.0261760716382668
58896.268,0.8865210645415597,0.0261692234462922
58898.15808,0.8837932072409953,0.0261473495768195
58898.15898,0.8819774050368874,0.026132781135324
58899.2408,0.8763319771537981,0.0260874854000585
58900.28601,0.9409646427172572,0.0346318301305756
58903.17929,0.8732678252830606,0.0260629219263795
58904.15714,0.9267446869144342,0.0344645001322558
58904.15805,0.8512135040780683,0.0335721123298726
58904.20114,0.868955345705736,0.0260283216487638
58904.20204,0.8880500831840226,0.0261815000865949
58905.1573,0.9580604336417552,0.0348327845183476
58905.18364,0.9293058248301572,0.0265122367593182
58906.16439,0.8897649726089886,0.0340283990946159
58909.15608,0.9576258465955648,0.0267392052324371
58909.15711,0.9127601252726204,0.0263796139213786
58909.17918,0.880684808274554,0.033921103639558
58909.19554,0.9886043221935332,0.0351911516715319
58912.16137,0.9397018997991692,0.0346170048889458
58912.16228,0.9059188677138872,0.0342190867703103
58912.20165,0.9336125032415268,0.0265467513121147
58912.20264,0.9007134735350784,0.0262830411099435
58913.19548,0.9250496843477488,0.0264781270449679
58913.29306,0.965448928476871,0.0349195394484692
58915.13704,0.8936516453177943,0.0262264183930995
58915.13794,0.8844193977605894,0.0261523748003853
58915.17954,0.8768532275260735,0.033875788293198
58915.18053,0.8913496635099216,0.0340471081944544
58917.21616,0.795154836501532,0.0329049614986942
58938.17493,0.9437701980952812,0.0266281527653183
58939.14815,0.963873986078852,0.0267892512329328
58941.23816,0.9041350485367332,0.0341980405425239
58944.15643,0.8828795537563681,0.0261400209048693
58954.16587,0.9122420869778792,0.0342936805556432
58954.19992,0.8862157401195301,0.0261667812625047
58955.20385,0.8836442571305554,0.0261461429554327
58956.17539,0.8799278415122512,0.0261163405497234
58956.17628,0.9046826453963596,0.0263148615782751
58956.2329,0.8764454784675605,0.033870978468961
58956.23381,0.9112092187469324,0.0342815069371386
58963.21205,0.918146757616628,0.0343632470453067
58963.25671,0.954929488903849,0.0347959970371818
58964.17278,0.9440941463026524,0.0346686322844389
58964.17367,0.923095225898781,0.0344215296953085
58964.25312,0.8527533992874371,0.0258982836797105
58964.25415,0.9281843878907168,0.0265032516930249
58967.17642,0.8995445139873848,0.0262736533539712
58967.17738,0.9072276110259894,0.0263352758689684
58967.21154,0.8937616275384473,0.0340756253355785
58967.21245,0.8954919886547805,0.0340960438711571
58968.17596,0.920839328101406,0.0264443802724869
58968.22001,0.9121211053351228,0.0342922282726168
58970.22907,0.927799437477527,0.0344769438916205
58973.15183,0.8904834642618349,0.0262009973208859
58973.20355,0.9471834582679646,0.0347049401475335
58976.19053,0.9704270749769957,0.0349779521448309
58976.2259,0.8497427332041974,0.0258741086446186
58979.21366,0.9383933141655512,0.0346016091003685
58987.16142,0.9401956971527632,0.0265995034096096
58987.2029,0.946860729625563,0.0347011621062676
59076.483,0.9656330127686508,0.0349216946992679
59083.47158,0.9679324710280106,0.0268217705122042
59084.47368,0.9191087589399066,0.034374574416943
59084.49604,0.9089982754685616,0.0263494675908174
59089.45805,1.0755293326401951,0.0276840686466927
59089.48973,1.0175583088723528,0.0355302371149779
59091.45155,0.9901954009274192,0.0352098113284237
59091.47849,1.0255278509424457,0.027283278969242
59092.48053,0.99674141758848,0.0358680691843686
59092.48147,1.0303057056334504,0.0361640236943566
59092.48401,0.9913598016982732,0.0322395947302943
59092.48448,1.0081475635468984,0.0323924179536023
59093.44906,1.033552412100255,0.0357172798248674
59094.45591,0.999149923104543,0.0270719078398427
59094.48104,1.0661858265053783,0.0360984656197262
59094.48198,0.9708812297691546,0.0349833138609218
59095.44379,0.9768823416988456,0.0268934973427692
59095.48317,0.9417701148362624,0.0346413115775729
59096.43385,0.9665819020314969,0.0268109536769744
59097.44177,0.9509088839926392,0.0347487610757595
59097.47399,0.9389625246427524,0.026589611820669
59099.43187,0.982591278187396,0.0351206630704146
59099.43289,0.9600196112216028,0.0348557818306341
59099.43337,0.8902822298157526,0.0340345178807975
59102.46701,0.9228521001146954,0.0344186711076514
59116.42597,0.9393457164971056,0.0265926947207539
59116.51436,0.9230629187834876,0.0344211556055753
59117.38029,0.920848657516671,0.0264444632987771
59117.4273,0.9482195493258424,0.0347171390719563
59118.52034,0.9148086433658776,0.0263960297665035
59119.46921,0.9220979559132534,0.0264544708360475
59120.47982,0.8759201252699527,0.0338647326004939
59120.50588,0.927844204258556,0.0265005302771178
59121.39949,0.9794189551607893,0.0357144899127385
59121.40042,0.9433700949037456,0.0353927614946543
59121.41025,0.8431648724582482,0.0334765884328171
59121.41072,1.0063441002695983,0.0323760280773453
59121.41119,0.9621777391123724,0.0319724377410397
59121.46544,0.9332677514637248,0.0265439832194623
59121.4946,0.9437159709289228,0.0346641906227358
59122.41721,1.0448186228623704,0.0362913542645687
59122.52671,0.9551928419920612,0.0267196877950904
59123.37267,0.9144615704232344,0.0263932569377525
59123.40952,0.935970379416638,0.034573084276848
59124.36315,0.9340898635738396,0.0265505910298675
59124.44974,0.9772855092366692,0.0268967241245362
59124.48495,1.01116145201772,0.0354553853783028
59125.40393,0.9393497083588296,0.0346128520653192
59125.40501,0.9316734185572836,0.0345225449232841
59125.49005,0.9382622845576066,0.0265840135452135
59125.49101,0.9389383100945312,0.0265894294214511
59128.37305,1.0163416064803232,0.0360411388292044
59128.37351,0.9915515662282476,0.0358221625523808
59128.37591,0.9437298781438878,0.0318025433680851
59128.5143,0.9250709846491124,0.026478295386068
59129.41332,0.9532589793751052,0.0354813180766512
59129.41379,0.99475768934734,0.0358505303929341
59129.41521,0.9769116862816872,0.0321075590888175
59129.41662,0.9355454800263404,0.0317269006092387
59129.42243,0.9005273448517346,0.0341554849833165
59129.42336,0.9796977369915564,0.0350867310354797
59129.48715,0.8968310981958681,0.0262519075911008
59129.48809,0.9264079200876312,0.0264890203117327
59130.38142,0.8917052115460277,0.0340513149388049
59130.42583,0.907821072178665,0.026340025408463
59131.34825,0.9393393263395536,0.0346127238701214
59131.34917,0.9919936790907596,0.0352308799882061
59134.50319,1.1214364279024838,0.0280522507540262
59134.52892,1.0446550423716348,0.0358470550317694
59135.38377,1.0369911721729546,0.027375131609463
59135.38471,1.0676720145329992,0.0276210726708606
59135.43414,1.039171685370207,0.0357829713555014
59135.43507,1.0013541565184774,0.0353405617914111
59136.36709,0.9607245858966926,0.0355479957657722
59136.36755,0.986099877547396,0.0357737876351286
59136.36995,0.9615549432515862,0.0319666947101746
59136.37041,0.9911397747737404,0.032237557808853
59136.45273,0.9921919631127154,0.0352332002655586
59136.48711,1.0173525062058029,0.0272177734882593
59137.35667,0.959589438342866,0.0267549290388136
59137.3577,0.9289729306957424,0.0265095836670608
59137.42591,0.958411695714254,0.0348369074628705
59137.42685,0.9397261340398234,0.0346172761935866
59137.43642,0.907030946706624,0.0350650865252206
59137.4369,0.9833689808038248,0.0357495961025156
59137.43929,0.9675506407364872,0.0320217633239977
59139.40985,0.9387174797122212,0.0346054090460885
59139.41079,0.9876478095437908,0.0351799461935954
59140.37399,0.908523696592854,0.0263456475755885
59140.51714,0.8828833056583949,0.0339470899164403
59141.3669,0.8990549971599155,0.0262697312735867
59141.36783,0.9547697686908814,0.0267163100846474
59141.43643,0.8929750091559887,0.034066312960758
59141.43737,0.9313739887617654,0.0345190243631064
59142.46737,0.940789593587931,0.0317753848746828
59142.46783,0.9578769107175564,0.0319328979716035
59142.51093,0.9225150484656366,0.026457812008955
59143.34352,0.9335729491903552,0.0265464486336636
59143.34459,0.9336830167934824,0.0265473150430406
59143.41342,0.9420286362072124,0.0346443759857947
59143.4168,0.930023890490718,0.0345031298054936
59144.44259,0.9618431563975144,0.0267729571819043
59144.47499,0.9691221166781924,0.0320361790157075
59144.47545,0.9304025775437552,0.0316792893291551
59145.26241,0.9539598681200492,0.0354875673291874
59145.26287,0.924530631746491,0.035223314747366
59145.38615,0.9451942245579444,0.0266395662709438
59145.38709,0.948593750873238,0.0266668070757429
59149.30082,0.8926353976159723,0.0349342372036225
59149.30128,0.9320450512260604,0.0352910330910629
59149.3018,1.129632828124639,0.0334834228895673
59149.30227,0.8538643958541023,0.0309616288428681
59149.39749,0.8818100806815881,0.0261314448520812
59149.40543,0.9649768727070132,0.0349139912113856
59149.48716,0.8916083044917361,0.0340501691324988
59150.41017,0.9649395448141206,0.0349135480503384
59150.47829,0.9128660574952762,0.0263804549589765
59151.30839,0.9940451366454786,0.0322640754886058
59151.30885,0.9752584117863152,0.032092405222226
59151.33034,0.9511296161086792,0.034751360837349
59151.36347,0.8997251475442167,0.0262751206484203
59152.32831,0.9389846762742116,0.0317587064832661
59152.32878,0.99839984489964,0.0323037585749513
59152.34275,0.8799931769935857,0.0339129121345855
59152.44862,0.9122029224927164,0.0263751634014812
59153.47361,0.9536869925675096,0.0267076235252313
59153.52281,0.9689453990899872,0.0349605742718698
59155.37035,0.9528885421361027,0.0347720244320543
59155.44912,0.9692643942204938,0.0268324289010935
59156.32442,1.0312108154318664,0.027328806256304
59156.32534,1.0884213679589032,0.0277874292948953
59156.44596,1.0256701226282474,0.0356251278770645
59156.44692,1.043242580888248,0.0358305441050635
59157.41136,1.1270544675984329,0.0368079437868291
59157.45538,1.1384381982407388,0.0281886960919503
59158.36775,1.2101239583190595,0.0287644675044251
59158.36869,1.2304723505422726,0.0289280897048851
59158.45185,1.1371949040253242,0.0369259412958712
59158.45379,1.1069788030181993,0.0365741308338291
59159.47541,1.0717775584895204,0.0276539773632373
59163.51544,0.9613232793475722,0.0267688058461922
59164.44983,0.9730942467437114,0.0350092721316174
59164.52074,0.9921338316749146,0.0270156700415049
59165.34854,1.063607667031223,0.0275884966526342
59165.3497,1.0242384123412294,0.0272729490850616
59165.3712,0.9813612487034228,0.0351062420484283
59165.37214,1.0300400348371697,0.0356762302414807
59166.53149,1.0068766264289586,0.0271338276448179
59167.50186,1.0033199764547531,0.0271053077773074
59167.5028,0.975268639310816,0.0268805516054108
59167.51647,0.929558881854221,0.0344976419381233
59167.51741,0.9378653802037932,0.0345953794228205
59168.2656,1.0028752301368171,0.0353583614855978
59168.3234,0.9944099456764453,0.0270339303597743
59169.481,0.9616842531709874,0.0348753550247343
59169.48193,0.948617877137866,0.0347218300273497
59169.51614,0.9895739615867823,0.0269951787697763
59169.51768,0.9667528460734452,0.0268123259859319
59170.41184,0.9548260503787596,0.026716775997628
59170.45672,0.910150694612892,0.0342689775387448
59171.41135,0.9295494641928608,0.0344975295840019
59171.41231,0.9209670763272988,0.0343964583845754
59171.45185,0.94268687246881,0.0266194920998512
59173.45623,0.9094401109011808,0.0342606185804182
59176.39821,0.9550719821892276,0.0347976706335323
59176.4309,0.9335729491903552,0.0265464486336636
59176.43382,0.9446354927785944,0.0266350789253469
59177.41547,0.9137254150417864,0.0343111539127068
59178.55925,0.905397850884665,0.0263205897582599
59179.22769,0.9404084111666692,0.0317718907352697
59179.22816,0.879066449111957,0.0311999240724656
59179.3725,0.910985489200704,0.0263654003358634
59179.37344,0.9016995631877052,0.0262909392713216
59179.48039,0.9163262012461314,0.034341802049967
59179.48141,0.9317472183320306,0.034523417294475
59180.40389,0.895672126906931,0.026242615197741
59180.47595,0.901364614921847,0.0341653508427013
59181.22403,0.9632275703930024,0.0348934652159552
59181.2718,0.9886981120799186,0.0322152917158036
59181.27227,0.9764367237927912,0.0321032120142742
59181.40424,0.9168651368217255,0.0264125436877376
59183.2235,0.8384147398473578,0.0334201905967636
59184.20063,0.9668059285288062,0.0349354540814646
59184.28937,0.9929794466886585,0.0270224441529264
59184.48588,0.9504810426653554,0.026681936448078
59185.22738,0.94403709388094,0.0266303009935301
59185.36896,0.9220937095050152,0.0264544313891177
59185.3699,0.9186977638580952,0.0264272026193655
59185.40998,0.9119035467879408,0.034289658565489
59185.46191,0.9217299617018878,0.0344054751370391
59185.5047,0.954144398161928,0.0347867742321976
59185.54807,0.8756244085657738,0.0260818159120773
59186.24787,1.2668612700780293,0.0292208954699171
59186.5407,0.94001612789376,0.0346206862680521
59187.20856,0.892489067341334,0.0340605775020512
59187.22704,0.9918094895973052,0.0270130755623588
59187.37731,0.9356049370925104,0.0345688162735365
59187.3783,0.9678242615701872,0.0349474304560285
59187.47355,1.0188960047058722,0.0272301345468551
59187.47657,0.8307536523285134,0.0257215999502649
59187.50397,0.982691182637254,0.026940032513259
59187.54895,0.9799522284991348,0.0350897033673278
59188.20609,0.9421457749486752,0.0346457370479748
59188.29134,0.9200093885803556,0.0264377214639408
59188.36603,0.9796213898359898,0.0269154241018769
59188.36699,0.9394365636745317,0.0265934279239621
59188.45261,1.0174224230999134,0.0355286344024702
59188.55026,0.947982903048563,0.0347143482562667
59189.22745,0.9524019135015916,0.0266973450949085
59189.29307,0.930909162479568,0.0345135396880831
59189.34428,0.9416273391310616,0.0266109973009416
59189.3453,0.9026060896961872,0.0262982145916542
59189.38998,0.9195685399383224,0.0343799831219054
59189.39092,0.9176048595260736,0.0343568436933024
59189.49286,0.956706015891352,0.0348168630317026
59190.17147,0.9830876929184988,0.0269431990324715
59190.34005,0.957513497931178,0.0348263597230518
59190.36505,0.899847480221671,0.03414746149399
59192.22249,0.901958394469525,0.0341723534843587
59193.2782,0.9283724826177416,0.0265047730323889
59193.27914,0.9205094668190684,0.0264417501774172
59193.39483,0.9161560613930212,0.0264068432231249
59193.44469,0.9328600718735204,0.0345364952764036
59193.51134,0.9308983473490235,0.0265249888568111
59194.17521,0.8636737197082224,0.0337197856949392
59194.36757,0.9191624187228395,0.0264309364664471
59194.36852,0.9343987725939732,0.0265530700577902
59194.41357,0.9084079051254802,0.0342484414345579
59194.41452,0.9436516527255332,0.0346634560030897
59194.50621,0.9470773696290808,0.0266546756830643
59194.5427,0.9152785927680622,0.0343294318769433
59195.26905,0.9052327532960116,0.0263192619841512
59196.34078,0.9622619316481854,0.0348821125225177
59196.37093,0.9307105980799644,0.0265234888926003
59196.37186,0.9729512027840485,0.0268619894219289
59196.41151,0.9600151901780926,0.0348557539451964
59196.41244,0.9380502528931376,0.0345975671120945
59196.45258,0.9839370289302576,0.0351364321999544
59196.47264,0.9337664360421032,0.0265479917736714
59198.1619,0.9714948548577756,0.0349904994021127
59198.24592,0.9586115542557588,0.0267470810667575
59198.24685,0.925451064459785,0.0264813462219957
59198.37136,0.9306339780742106,0.0345102946524615
59198.4558,0.9016547175195272,0.0262905759289181
59199.24147,0.9114621935123192,0.0263692103875229
59199.24241,0.9308237574890152,0.0265244109588916
59199.24357,0.9200339623474192,0.0264379259740742
59199.32366,0.9684020605852756,0.0349542027364222
59199.35317,0.9052366001906276,0.0342110328862622
59199.35411,0.9712971286398464,0.0349881711170425
59199.39379,0.9369246373295864,0.0265733066098466
59199.5363,0.9863424051910976,0.0351646277714863
59200.24895,0.9448321426103776,0.0266366667904416
59201.43485,0.9285358139509792,0.0265060870815153
59202.2366,0.9263308011138116,0.0344596279626183
59202.28144,0.91020718472347,0.0263591670797728
59202.36973,0.956759768088378,0.0348174965114491
59202.37067,0.9328325780105856,0.034536173322348
59202.38752,0.9522177204535328,0.0266958671286719
59202.53221,0.9169225621718908,0.0264129767940378
59203.19869,0.9740289368959912,0.0268706289713535
59203.24707,0.9116418615867627,0.026370660093174
59203.24803,0.929347765969048,0.0265125764843829
59203.32144,0.9822962924715224,0.0351171907816374
59203.37354,0.911858193628708,0.0342891172184676
59203.37457,0.9821216954243746,0.0351151479221072
59203.37551,0.91767923532728,0.03435774532616
59203.49305,0.9864790335960336,0.0269703823546647
59204.3124,0.931711175851266,0.0345229871714036
59204.32106,0.9515738633587616,0.0347565658802432
59204.3742,0.9411383254064256,0.0266070748126556
59204.37522,0.9514041890373768,0.0266893353404144
59204.41187,0.9453570325598598,0.0266408923528307
59205.15777,0.9815423877738902,0.026930822356556
59205.17885,1.0069508185738008,0.0271344219472759
59205.17979,0.9504171387600676,0.0266814170691297
59205.22087,0.933002181704272,0.0265418513821012
59210.24643,1.047164485840982,0.035876350662926
59210.32288,1.0232398828028606,0.0272649399377615
59210.33958,0.9945739026792996,0.0270352465897525
59215.1192,1.13073037613847,0.028126828445277
59215.16026,1.1451840876710744,0.0370189038065979
59215.20284,1.0108979244694056,0.0354522882521523
59215.20444,1.012973548442439,0.0354765897216715
59215.26402,0.9448138681132888,0.0266365275254881
59215.28575,1.0402752339919263,0.0274014459708401
59215.28668,1.0652340969982332,0.0276015251801831
59215.57105,1.265800622364986,0.0384196361162176
59216.32303,1.020187174229381,0.027240471200092
59217.23102,1.0014925082644748,0.0353421534535427
59217.3889,1.029734015821375,0.0273169831021562
59217.52962,0.9813874611997628,0.0351065605827128
59218.29517,1.0594543763811008,0.027555190845967
59218.36683,1.0079507326612929,0.035417786183302
59218.41563,1.057188083787299,0.0275370162589035
59218.453,1.070682388998004,0.0276451920480071
59219.31453,1.227690963747183,0.0289057203444838
59219.3274,1.3181628245193648,0.0296341749657334
59219.32834,1.257675669446466,0.0291469388153963
59219.3567,1.2920789740678666,0.0294239651607229
59219.40387,1.2400537353010057,0.0381210142074413
59220.26846,1.2142242575273223,0.0378212305408444
59220.30919,1.2739707571891477,0.0292781114489651
59220.31013,1.1825770848455146,0.0285431128883134
59220.32478,1.1565896587006783,0.0371515965872161
59220.36364,1.0954639870523997,0.0364399316584876
59221.18275,1.0620977892799783,0.0360507520036245
59221.20556,1.1072443153929146,0.0279384016720815
59221.26414,1.0545351475035871,0.0275157439626157
59221.26567,1.169383762903447,0.0284371389394088
59221.32993,1.06120992937086,0.0360403981903542
59221.33087,1.0414904808269436,0.03581007279494
59221.4137,1.1519463666557528,0.0282971117176794
59222.26845,1.0053661512798189,0.0271216963670882
59222.26938,0.97518600329563,0.0268798835125038
59222.30519,0.983895342796603,0.0351359540006151
59222.39145,0.9505192241965528,0.0347441720634313
59222.39239,0.9570691222075904,0.0348211187395239
59222.47511,1.0161538320710957,0.0272081507045476
59223.16481,0.9903623116645568,0.0352117539022007
59223.28186,0.9579178350873108,0.0267415175898112
59223.30766,1.0170630093707005,0.0272154475219532
59223.30859,0.9911273470326368,0.0270076162756942
59223.33359,0.949610055762008,0.0347334959118464
59223.33453,0.9476433184473316,0.034710370495476
59223.39589,0.9726856412224156,0.0350044907669557
59223.4502,0.9870579693583786,0.0269750092917272
59224.25637,0.9733339217786992,0.0268650326169299
59224.28714,0.9888387098077076,0.0269892899993011
59224.30764,1.0008049835746342,0.0270851826392423
59224.33105,1.0019067554143026,0.0353470181288801
59224.34701,0.9492384136514924,0.0347291427861406
59224.45254,1.001019424380085,0.0353366273480181
59225.20489,0.9718617838636036,0.0349948060407391
59225.29314,0.9781995513323584,0.0269040548753981
59225.29408,1.0038847554744943,0.0271098447542707
59225.30321,0.931276532725554,0.0265280383609284
59225.39261,0.9596955019481824,0.0267557737160578
59226.26514,1.016780150317288,0.0272131753184099
59226.28388,0.9719981968943252,0.0268543609331421
59226.32928,0.9331488063632322,0.0345398880202272
59226.33022,0.9903869402205376,0.0352120621801216
59226.3971,0.9763387015843316,0.0350473286374079
59226.49197,0.9728965409279684,0.0268615465994096
59227.17385,0.9495348411471064,0.0347326111158945
59227.26645,0.9458952820415216,0.0266451932688924
59227.30617,0.935183120116359,0.0265593382396822
59227.30711,0.9297398787699932,0.0265157227309255
59227.37,0.9645817911509762,0.0267949363117921
59227.45577,0.9502846297213788,0.0347414164709705
59228.24222,0.9443806050301388,0.0266330395894809
59228.24315,0.9335402753685672,0.0265461867651358
59228.26031,0.9895635840440934,0.0352023997652016
59228.37365,0.9323120659285862,0.0345300644700864
59228.37457,0.940255981446206,0.0346235142830688
59228.49454,0.9442944980944646,0.0266323715647372
59229.20457,0.9663474497718147,0.0349300747775241
59229.3085,1.0109873112751786,0.0354533484456008
59229.30944,0.938205781503098,0.0345994208954954
59229.31875,0.9470543536132192,0.0347034467254943
59230.24089,0.9445232640998958,0.0266341980967441
59230.2581,0.9947168146269764,0.0270363663333132
59230.30765,0.9836081189800736,0.0351325603065778
59230.30859,0.9826609656593834,0.0351214958252396
59230.45615,0.9688511504327108,0.0268291307075427
59230.47611,0.9295135067271214,0.0344971008952222
59231.17489,0.8949646041087967,0.0262369516613736
59231.24343,0.9731659496191228,0.0350101201169177
59231.24441,0.9902510347139748,0.0352104725722229
59231.24539,0.9351836489384014,0.0345638311315947
59231.30636,0.9603683949397348,0.0267611736252029
59231.32327,0.9731394064309729,0.0268634972418616
59231.44,0.9884103965733424,0.0351888859116471
59232.31938,0.9493296807622612,0.0266727126017018
59233.26885,0.9551954812910658,0.0267197000406896
59233.27073,0.9192352274754628,0.0264315273171808
59248.22181,0.9538482886983702,0.0347832983788712
59248.24463,0.909559384874523,0.0263539666854842
59249.39376,0.86068346436821,0.0259619494200153
59249.39733,1.009327855920786,0.027153461005398
59250.22109,0.9978504540795968,0.0270614921297937
59250.27018,0.9935856370790732,0.0352495197003422
59251.22291,0.9286658154402768,0.0265071166501456
59251.22634,0.9359474368557512,0.0265654678947675
59251.27918,1.0018320121942708,0.0353461159230916
59251.28118,0.9335803559508212,0.0345449705660786
59252.1945,0.9044635288930014,0.0263131130974549
59252.25901,0.987251278606033,0.0351753075236739
59253.24975,0.9601531363279522,0.0348573692368996
59253.30679,0.9297201835708993,0.0265155566459799
59253.30773,0.9427511249138986,0.0266199857603577
59254.19162,0.9351882881435456,0.0265593825129258
59254.28772,0.9750213036194878,0.0350319031304982
59255.28224,0.9494416060731048,0.0266736177833766
59255.28422,0.915228339419788,0.026399413456014
59256.22195,0.945509418391128,0.0266420882320793
59256.29015,0.97448443085305,0.0350255668301653
59257.23746,0.9659713801102228,0.0268060530610298
59257.23793,0.938122299218316,0.0265828943268069
59257.34543,1.0185165841780566,0.0355414299531846
59257.34637,0.9685331833567092,0.0349557455982953
59260.26583,0.9770245112612438,0.0268946252538399
59260.2804,1.0061411346399076,0.0353966106910714
59262.20391,0.9390256583656164,0.02659014557805
59262.20484,0.9385328092291234,0.0265861927730149
59262.2894,1.0011687951432346,0.0353383740810114
59262.29034,1.016274210579674,0.0355152105259358
59263.21017,1.001512235131758,0.0270908355434401
59263.26127,1.030975879816496,0.0356871771628346
59264.18082,0.9624218167498544,0.0267776125226669
59264.18175,0.933529957557163,0.0265460808066631
59264.28154,0.9847810997355992,0.0351463547824932
59264.28251,0.9642598965233572,0.0349055753716774
59265.28305,0.9458813429162246,0.0266450732958362
59265.40823,0.9514432839632952,0.0347550282598296
59266.16463,0.9691533579876886,0.0349630254012507
59266.16557,0.966233531508688,0.0349287229461969
59266.24106,0.918777305580875,0.0264278583432508
59266.24209,0.9547477845576204,0.0267161126196795
59267.18354,0.9984167521180348,0.0270660449963863
59267.22858,0.8892005135933029,0.0340217312101225
59268.17944,1.0162470662711576,0.0355148862385485
59268.18041,1.0288169360916313,0.0356619003451569
59268.26114,0.9832008815873802,0.0269441232861104
59268.26208,0.9970264028823186,0.0270548799440074
59269.22475,0.9984522612091998,0.035306566581
59269.33765,0.9324815749849544,0.0265376926946193
59270.21822,1.049141592967752,0.0358994434876927
59270.21921,1.046013536698786,0.0358629153661223
59270.35005,1.0087655892774694,0.0271489654641635
59270.35332,0.9638295990634688,0.0267888981888361
59271.26685,0.9456452801829598,0.0266431720460639
59271.39011,1.068471407547471,0.0361251481086319
59272.15971,1.0107424475036522,0.0354504662798528
59272.16065,1.0531089528436917,0.0359458000150317
59272.23576,1.0024184680674242,0.0270980933226624
59272.23671,1.0138055380560522,0.027189330770412
59273.16307,1.0663488498779237,0.0361003768001054
59273.25069,0.9038189843895243,0.0263079389085341
59274.18266,1.1723241318635158,0.0373344981590173
59274.1836,0.97818388741287,0.0350689636357249
59274.37182,0.8926135172847034,0.0262180795174963
59274.37277,0.9135557580924524,0.0263859795441917
59276.21404,1.036866647396183,0.0357560474036168
59276.30004,1.026174123995832,0.0272884540865502
59280.14657,1.0036832102864697,0.0271082337865546
59280.2013,1.0282324481513907,0.0356551070962717
59290.199,0.987091256178928,0.0351734116779159
59290.27019,1.0229581324108208,0.0272626870358935
59292.17966,1.0237080180976708,0.0356021792185403
59292.20033,1.0009294309976993,0.0270861619920807
59294.16231,1.0636866409147638,0.0360693125390337
59294.20238,1.015613018746968,0.0272038230767935
59296.32142,0.95454609405189,0.0347914989562018
59296.34211,0.9991950164253658,0.0270722516815334
59298.25421,1.07954836717787,0.0362543714316585
59302.16678,1.0157567215817618,0.0355091572330774
59302.19687,0.9615579420211124,0.0267706933256619
59304.16098,0.966443922381854,0.0268098466414277
59304.16192,0.953046869797653,0.0267024830114285
59304.23888,1.0275924503414298,0.0356475900751609
59304.24082,1.0192279034893874,0.0355497785731727
59305.32187,1.001401193967544,0.03534108003544
59306.24204,0.9811681890664078,0.0269278382057048
59306.32958,1.0490246777735346,0.0358980921788309
59307.21807,1.024706425021107,0.0272767008780653
59308.22117,1.017977688082831,0.0272227737852162
59308.24007,1.0197020792690183,0.0355553120949626
59310.22792,1.081205148024819,0.0362736921501223
59310.30329,1.0558928748813796,0.0275266440471123
59311.1606,1.024787594132343,0.0272773560583625
59311.19984,1.0830639609104915,0.0362953554648743
59312.21717,1.100500146925591,0.0364986415770023
59312.26554,1.0993608305226017,0.0278751499965771
59314.22333,1.087785598752856,0.0363504384240421
59314.26448,1.0439186567291463,0.0274306522455342
59316.22438,1.1145206122995992,0.0366619846731046
59316.29327,1.1160495052752626,0.0280090200173312
59319.26765,1.086663062393689,0.03633736356557
59322.18193,1.090077322523563,0.0363771481490962
59322.23836,1.0871910268666891,0.0277775604770414
59324.16467,1.1083989478901022,0.0365906696385582
59324.19492,1.0348587099638498,0.0273580430703094
59328.17883,1.0481693575794817,0.0274647252614963
59328.22048,1.1362170575503403,0.0369145752838942
59456.48896,0.9411171873224344,0.0346336392179865
59470.44065,0.9536096984200064,0.0267070100236306
59470.48976,0.939051271072862,0.0346093557424661
59472.45608,0.9560850005778176,0.0348095823403213
59472.49049,0.9854120286634012,0.0269618164959348
59474.4088,0.943693372141714,0.0346639559172854
59477.40929,0.8980445038882027,0.0262616263984257
59477.47308,0.9804587007444256,0.0350956569518799
59479.41142,0.9703737937026832,0.0268413395527904
59479.46837,0.9488529340712936,0.0347245871457757
59484.42857,0.9631104716814918,0.0348920689292392
59484.47098,0.997980049141142,0.0270625341433384
59487.36724,0.968068879948021,0.0268228720146932
59487.44205,0.9402594454836374,0.0346235647660695
59488.45166,0.888148239530644,0.0261822801827023
59488.48906,0.933452245708208,0.0345434610521669
59489.36436,0.91355795751917,0.0343091603399476
59489.4559,0.8863496127471719,0.0261678482163013
59496.37385,0.8557870392301677,0.0336263560356467
59496.43795,0.8815218049424748,0.0261291359836132
59498.39336,0.858191599913493,0.0259419342021475
59498.45833,0.9014326928668024,0.0341661736314695
59501.42752,0.9133753880640249,0.0343070047498875
59501.4935,0.8619495738623494,0.0259720872678386
59503.36936,0.9423005818570772,0.0266163699158008
59503.49332,0.9307196965786296,0.0345113242525722
59509.35454,0.9698287609764824,0.0268369744023916
59511.35352,0.9307848479223464,0.034512085521915
59517.45169,0.8961528800704244,0.0341038503797385
59517.51146,0.867104538349691,0.0260134698649985
59521.32928,0.8861052402000915,0.0339851609977469
59523.28397,0.8884714141435882,0.0261848794173502
59523.36477,0.9002362667706105,0.0341520340759775
59530.31227,0.9081159526152326,0.0342450054990122
59530.36777,0.8887455910980914,0.0261870564238873
59532.31422,0.9173226244066636,0.0343535118803132
59532.37425,0.9011881227568344,0.0262868481894833
59537.44262,0.9739980891895292,0.035019866940357
59540.35399,0.9589594854466148,0.0267498794649512
59540.42231,0.9148142161028916,0.0343239815551035
59600.30679,0.8806194214427503,0.0261218982167694
59623.24343,0.8921340284452226,0.0340563770880028
59623.27487,0.892191865533411,0.0262146926939931
59625.15789,0.8905384170512333,0.0262014404860939
59625.22065,0.8696756388125099,0.0337908622767072
59628.19455,0.9616922248994,0.0348754377383874
59628.30788,0.9518319076652928,0.0266927495998183
59636.35031,0.9829464517382352,0.0269420694070192
59638.38952,0.9955490431580032,0.0270430499515351
59638.41396,0.9774697023184974,0.0350606069370917
59671.15799,0.898346456927833,0.0262640729983479
59671.2862,0.915495270114965,0.0343319768133304
59674.16129,0.8805890988748267,0.0339199687972117
59674.32583,0.8864704419902905,0.0261688174725132
59676.16183,0.9302315375925722,0.0265196526463771
59676.21914,0.908069951466766,0.0342444584340216
59678.22544,0.8667292621684486,0.0260104545482584
59678.30517,0.8860725954779597,0.0339847634210705
59680.22166,0.8516859037305713,0.0258897213415889
59683.24462,0.8446808714108412,0.0258334544129488
59683.28354,0.8266028624516382,0.0332798004867879
59685.18204,0.9286030480690166,0.0344863948509158
59685.24074,0.8655294694819841,0.0260008356227287
59688.16277,0.8470664079312545,0.0258526212691219
59688.27719,0.9994017483745128,0.0353176818924395
59690.23708,0.9036250448048696,0.0263063910684742
59690.25809,0.8986937158305387,0.03413383166479
59696.17322,0.8794170975301764,0.0339061129957631
59707.182,0.8704219999220614,0.0260400878525836
59707.18945,0.8859635594344486,0.026164755974028
59839.47414,0.8778673661769966,0.0338877764862602
59839.49313,0.9152060974038196,0.0343285756756491
59841.41442,0.8855218971413091,0.0339782710708113
59841.49275,0.9134149276614204,0.0343074559434421
59844.46532,0.9014218996789184,0.0341660468288893
59844.49068,0.9060552043645544,0.0263258583690123
59849.47123,0.9145724290270844,0.0343211135887604
59849.49277,0.8536374489876064,0.0259053776445071
59853.38699,0.8448714979769111,0.0258350139590878
59855.42415,0.8272261586631872,0.0256932471403539
59857.40932,0.9114672304524608,0.0263692494940398
59859.45208,0.9095515218893186,0.0342619255172375
59859.4911,0.8671348869269352,0.0260137142509339
59861.33401,0.9415648977017314,0.0295030714785345
59861.37078,0.8633320410557124,0.0259831935070934
59863.47495,0.8672499017012889,0.0260146054016444
59865.39472,0.8203399450430062,0.0256379153534669
59865.42574,0.9415298750376452,0.034638477418086
59867.40851,0.8878513498063717,0.0261798875581081
59867.42873,0.8815620880084191,0.0339314453246594
59869.45823,0.9123244308832628,0.0351130090759101
59871.41054,0.9020658863096614,0.0262938801453486
59871.4724,0.897785330434509,0.0313755893130901
59871.47996,0.8842382650056354,0.0348576014963567
59871.49245,0.8609892020775939,0.0336879986682516
59874.36783,0.8662727621776333,0.0260067921943366
59878.34651,0.8675031477063236,0.0260166624709139
59878.41527,0.9017557180552728,0.0341699653043661
59880.39082,0.8774187379732373,0.0338824809539087
59880.47156,0.8839902180734971,0.0261489297975686
59882.49462,0.8451205444060872,0.0258370040711453
59887.28769,0.9416686342314612,0.0346401165426707
59889.38924,0.8670558231177764,0.0260130753027606
59889.41169,0.987274011168521,0.0351755718866052
59894.3676,0.9469348602589316,0.0354246871053856
59895.30943,0.9106524477815487,0.0263627281662526
59895.32655,0.9180951747563756,0.0343626313697983
59897.26654,0.9196354517326608,0.03438080173865
59897.34661,0.8421089038402775,0.0258128137428816
59899.29329,0.898072307414873,0.0341264964079006
59901.44895,0.837805214897802,0.0257782563605784
59903.27116,0.911979980363678,0.0342905427665688
59903.34938,0.8778264434333205,0.0260994720734923
59905.39152,0.8781609173444833,0.0338912603196901
59908.34628,0.9105694161189702,0.0293303020723733
59908.40892,0.8971290191114702,0.0341153601573899
59908.43516,0.9173804045939185,0.0264166666560192
59910.33635,0.8453805649173248,0.0258390942640214
59910.43593,0.8840037450118919,0.0339603340144409
59914.41228,0.8409540361219604,0.0258035372198522
59923.35361,0.8477149831841985,0.025857829477668
59923.41352,0.9007903082168048,0.0341585850197572
59930.32338,0.8913233930689259,0.0340468304460234
59935.31011,0.8666031419754509,0.0260094297697366
59937.31022,0.8790028016174487,0.0261089210496364
59937.32267,0.8817975845773708,0.033934235640626
59951.21096,1.030898018518862,0.0356862452049618
59951.28306,0.814794819902762,0.0255933497892511
59951.30548,0.929292130174331,0.032091528986128
59951.30835,0.857578450284496,0.0290324107189385
59951.37886,1.0502195654419322,0.0327730559921759
59956.24441,0.8965816772719257,0.0262498998427844
59967.22756,0.9421140037855272,0.0266148873960668
59969.26211,0.9970288032683848,0.0352898776815889
59969.31073,0.8396599897027905,0.0257931537001507
59971.32579,0.8754461946495965,0.0260803972044101
59979.26886,0.960138987092696,0.0348571951426523
59979.28379,0.9907591796300008,0.0322341122683936
59980.35446,0.89373231114935,0.0318768835162721
59981.16162,0.91582417808266,0.0343358795085831
59983.26307,0.920647671942808,0.0320395905020357
59984.18334,0.9354946429230272,0.0345675129538211
59984.26129,0.9593764626779548,0.0267532208087715
59987.24675,0.8496566469473125,0.0258734375208122
59987.34854,0.9495505832479462,0.03473279950537
59993.26775,0.91088700192374,0.031497940660302
60031.18672,0.9345679964565696,0.0345565932030635
60031.2674,0.9071833259688936,0.0263349119570493
60036.24302,0.8743213012008076,0.0260713724743089
60036.32497,0.9023106946326318,0.0341765244723589
60045.18363,0.886604037852577,0.0339910676916569
60045.26834,0.8757873326578105,0.0260831317837286
60050.16256,0.8977406794391324,0.0341225782133935
60050.19726,0.876089064221649,0.0260855474518907
60052.23543,0.9270042065184836,0.0344675796312763
60056.17849,0.8912301278007083,0.0262069953133888
60063.22745,0.975731003751106,0.0320967392588178
60065.18372,0.9615115486140732,0.0348733134993652
60065.21828,0.8496104770029708,0.025873051194111
60191.45543,0.993538966739478,0.035249002336358
60191.48964,0.9375306167271316,0.0265781610863926
60194.42495,0.952781475732256,0.0347707588609122
60194.48545,0.896881486341324,0.02625231445198
60212.42788,0.9799278594294912,0.0350894282563325
60212.4478,0.8743502917498278,0.0260716088040368
60214.5034,0.9559013155234682,0.0267253699976005
60220.35775,0.9837932971982772,0.0269488614495012
60220.40307,1.0343047159526682,0.0357260942408365
60222.40278,1.0537322190297174,0.0275093327425896
60222.44539,1.061824898671708,0.0360475683904971
60224.40174,1.020764268438323,0.0272450949492136
60224.4468,0.9455047279857656,0.0346852159676017
60229.49381,0.963030982228064,0.0267825002162142
60232.38507,0.9790242726989072,0.026910654737497
60232.41339,0.9899409845940148,0.0352068315917499
60234.35662,1.011491190966339,0.0354592149235262
60234.41832,0.9902304097594072,0.0270004164084176
60236.36497,0.9735813799633072,0.0268670528139031
60236.40572,1.057358120152909,0.0359954305537209
60238.43214,1.0328016066827284,0.0357085074393385
60238.51064,0.9773881275307864,0.0268975346071234
60241.36945,1.0483427711739866,0.0358901219773006
60241.40968,1.0273732632433057,0.0272980589609447
60244.3035,1.064738748191261,0.0275975650622347
60244.51404,1.0074040787182852,0.0354113810825788
60246.4796,1.0787929629937008,0.0362455741087074
60250.38286,1.047445557858521,0.0274589197755812
60250.45524,1.0385660097383236,0.0357759204395936
60252.41141,1.0436235226800106,0.0274282991365903
60252.47161,1.069665786133541,0.0361390746558067
60254.3041,1.0492318353271757,0.0274732334730956
60254.32488,1.1186043525817928,0.0367095470577063
60258.36063,1.1141890984253704,0.0366581234535939
60258.45109,1.0844248456210606,0.0277553733440357
60260.34227,1.229904257451394,0.0380032364552693
60260.36488,1.2280879194610674,0.0289088997656592
60262.47758,1.106528640372592,0.0279326619655428
60287.20377,1.1685919892356813,0.0372911154515025
60287.28501,1.15512094660943,0.0283226094355342
60289.37393,1.169447971415112,0.0373010657995508
60291.22739,1.1333939886283748,0.0368817301084206
60291.36887,1.0858630604590676,0.0277669288650437
60296.35503,1.1492457460321186,0.0370661702100789
60314.18633,1.0985409719005956,0.0278685826021614
60314.26368,1.1809124598142446,0.0374343183977823
60321.50303,1.197962724508355,0.0376324014594189
60322.27241,1.22579503880944,0.0288904803313348
60322.28563,1.2222648004933194,0.037914578605621
60324.28441,1.1283220083112822,0.0281075000652582
60324.36368,1.2163039156541824,0.0378453893045583
60326.21905,1.119826290364618,0.0280393409727903
60326.30031,1.218939371423913,0.0378759895955594
60334.24132,1.253326606536331,0.0291119384651229
60339.24989,1.3947804752094224,0.0302525414951105
60339.36569,1.4311214954423752,0.040333996418701
60341.21856,1.47927548240351,0.0309361954573258
60341.25195,1.4129048140873588,0.0401232431065612
60352.28398,1.3500855992601726,0.0393961985406085
60354.26265,1.4015992592206583,0.0303076664111418
60354.28225,1.3425266172165418,0.0393086772348082
60357.34839,1.3031003435677877,0.0295127635271475
60357.4062,1.3164649623544424,0.039006824403603
60369.31004,1.3859432871358293,0.0301811465815143
60378.16087,1.2448329040532766,0.0290436076391539
60378.2012,1.2472103461919648,0.0382040402503976
60388.202,1.2415844345147655,0.0290174553739013
60388.26237,1.3867599954926648,0.0398207134920282
60390.32823,1.2035946795521983,0.0287119947797219
60397.26734,1.1813980761342593,0.0285336510015506
60397.32554,1.3130138430772094,0.0389668519701283
60403.22123,1.2021577464777418,0.028700445630829
60403.3237,1.3223478238999002,0.0390749910772982
60407.23912,1.342112926558296,0.0298273186568647
60407.28615,1.398247671822938,0.0399536663675173
60429.21604,1.3423070132655364,0.0298288985865107
60429.24317,1.4116209816259486,0.0401084184330631
60433.17668,1.2816347057674298,0.0293398365873401
60433.23533,1.3071917698973643,0.0388994090993451
60565.45244,1.3206175344038324,0.0296539528609994
60568.40992,1.2571637776004687,0.0291428195701845
60571.44468,1.3210396696508575,0.0296573578649904
60571.46937,1.3600150204010923,0.0395111836539657
60574.46368,1.4517647904753044,0.0307134126941039
60575.4062,1.6083023809166546,0.0423822028815661
60575.50706,1.6293600334012126,0.032155157636011
60576.48777,1.5596218282053562,0.0418196342067705
60576.50796,1.4963109678284985,0.0310742485137125
60577.4685,1.489039639825005,0.0310153171850683
60577.49576,1.5144373253862469,0.0412973649903526
60592.44676,1.5171211375928646,0.0312430108623511
60592.46835,1.4753752878731348,0.0408457582831488
60595.38916,1.6216243584848158,0.0320921947457287
60595.43729,1.619887689162616,0.0425160520629788
60597.38765,2.016914365663009,0.0353307921821573
60599.40309,1.840745974038953,0.0338822799989532
60599.46521,1.7564011179909258,0.0440933380235123
60602.43234,2.1563899786417347,0.0487174735454217
60602.515,2.657506034031328,0.0406640230773606
60604.34044,1.572535668162426,0.0419688836629392
60604.43896,1.51963840002354,0.0312634327097406
60606.34704,1.38965904752557,0.0302111734970113
60606.414,1.4424079416484337,0.0404645305843116
60608.36723,1.3379001575243394,0.0392550993430793
60608.40521,1.3185708161163578,0.0296374631935959
60610.38731,1.4951785545133975,0.0310650781505004
60613.47516,1.2909180084142875,0.0294146173737227
